construct,item,short_label,n,mean,sd,frequency_1,frequency_2,frequency_3,frequency_4,frequency_5,outside_named_response_categories
Hybrid Learning,HL1,Connected design,103,4.097,0.965,4,4,7,51,37,0
Hybrid Learning,HL2,Digital preparation,103,3.981,0.939,3,5,13,52,30,0
Hybrid Learning,HL3,Clarification/application,103,4.165,0.951,4,2,9,46,42,0
Hybrid Learning,HL4,Platform access,103,4.184,0.905,3,3,7,49,41,0
Hybrid Learning,HL5,Platform navigation,103,4.107,1.009,5,3,8,47,40,0
Hybrid Learning,HL6,Material availability,103,4.223,0.939,4,2,6,46,45,0
Hybrid Learning,HL7,Revision access,103,4.252,0.904,4,1,5,48,45,0
Trainer Competence,TC1,Subject knowledge,103,4.204,0.901,4,1,6,51,41,0
Trainer Competence,TC2,Clear explanation,103,4.223,0.928,5,0,5,50,43,0
Trainer Competence,TC3,Explains connection,103,4.097,0.902,4,1,10,54,34,0
Trainer Competence,TC4,Digital-tool use,103,4.146,0.923,4,2,7,52,38,0
Trainer Competence,TC5,Encourages participation,103,4.214,0.904,4,1,6,50,42,0
Trainer Competence,TC6,Helpful feedback,103,4.087,0.981,5,3,6,53,36,0
Learner Engagement,LE1,Attention,103,4.272,0.941,3,4,5,41,50,0
Learner Engagement,LE2,Effort,103,4.291,0.914,3,3,5,42,50,0
Learner Engagement,LE3,Participation,103,4.282,0.857,3,1,6,47,46,0
Learner Engagement,LE4,Involvement,103,4.359,0.79,2,0,8,42,51,0
Learner Engagement,LE5,Clarification-seeking,103,4.252,0.882,3,0,12,41,47,0
Learner Engagement,LE6,Interest in completion,103,4.359,0.906,4,0,6,38,55,0
Training Effectiveness,TE1,Understanding,103,4.252,0.904,4,1,5,48,45,0
Training Effectiveness,TE2,Useful knowledge/skills,103,4.262,0.918,3,2,9,40,49,0
Training Effectiveness,TE3,Work relevance,103,4.233,0.866,3,0,11,45,44,0
Training Effectiveness,TE4,Capability,103,4.233,0.92,4,0,10,43,46,0
Training Effectiveness,TE5,Work application,103,4.233,0.91,3,2,9,43,46,0
Training Effectiveness,TE6,Task/problem support,103,4.155,0.926,4,1,10,48,40,0
Training Effectiveness,TE7,Confidence,103,4.291,0.966,3,3,10,32,55,0
